dataset,experiment,n_features,features,val_rmse,val_mae,val_r2,test_rmse,test_mae,test_r2
FDAM,top4_from_feature_analysis,4,"fdam_mode1,fdam_mode2,fdam_mode3,fdam_mode4",0.050449907779693604,0.025763897225260735,0.9698250889778137,0.04969935119152069,0.026244817301630974,0.9697462916374207
FDAM,modes1_to_6,6,"fdam_mode1,fdam_mode2,fdam_mode3,fdam_mode4,fdam_mode5,fdam_mode6",0.05527552217245102,0.02528347633779049,0.9637764692306519,0.053007204085588455,0.025543827563524246,0.9655850529670715
FDAM,mode1_only,1,fdam_mode1,0.15972985327243805,0.12627620995044708,0.6975194215774536,0.17031382024288177,0.13656379282474518,0.6447149515151978
