dataset,experiment,n_features,features,val_rmse,val_mae,val_r2,test_rmse,test_mae,test_r2
RFS,modes1_to_6,6,"RFS_mode1,RFS_mode2,RFS_mode3,RFS_mode4,RFS_mode5,RFS_mode6",0.06262942403554916,0.030145937576889992,0.9534968733787537,0.060270119458436966,0.029312346130609512,0.9555080533027649
RFS,top4_from_feature_analysis,4,"RFS_mode1,RFS_mode2,RFS_mode3,RFS_mode4",0.07070784270763397,0.03241650015115738,0.9407265186309814,0.06822004169225693,0.031522613018751144,0.9429965615272522
RFS,mode1_only,1,RFS_mode1,0.16528230905532837,0.12862412631511688,0.6761245131492615,0.17406708002090454,0.13637641072273254,0.6288833618164062
