dataset,experiment,n_features,features,val_rmse,val_mae,val_r2,test_rmse,test_mae,test_r2
DLC,top4_from_feature_analysis,4,"DLC_mode1,DLC_mode2,DLC_mode3,DLC_mode5",0.001019505551084876,0.000693444861099124,0.9999876618385315,0.0016389470547437668,0.0007373353582806885,0.9999679923057556
DLC,modes1_to_6,6,"DLC_mode1,DLC_mode2,DLC_mode3,DLC_mode4,DLC_mode5,DLC_mode6",0.001193883828818798,0.0008225003839470446,0.9999830722808838,0.001685833791270852,0.0008419324294663966,0.9999661445617676
DLC,mode1_only,1,DLC_mode1,0.033489152789115906,0.019643157720565796,0.9866741299629211,0.03457842394709587,0.02027232199907303,0.9857580661773682
