,pearson_r,spearman_r,mutual_info,lin_coef,lasso_coef,perm_importance_r2_drop,single_feature_cv_r2,abs_pearson_r,abs_spearman_r,abs_lin_coef,abs_lasso_coef,consensus_score
RFS_mode1,-0.5842910212918996,-0.8255548362518307,0.9723171913311952,-0.20150624293511862,-0.201278727966936,1.628079014116463,0.34037898322877114,0.5842910212918996,0.8255548362518307,0.20150624293511862,0.201278727966936,4.0
RFS_mode2,-0.2207529826090065,-0.28724177402503015,0.6957529046572759,-0.019137346533726684,-0.018716888171872413,0.20946389661642498,0.04675665459005289,0.2207529826090065,0.28724177402503015,0.019137346533726684,0.018716888171872413,8.0
RFS_mode3,-0.08480067473717208,-0.13465777901726653,0.5519295386849636,0.018813087777519354,0.018564292061808763,0.11536508524440998,0.004990507299275771,0.08480067473717208,0.13465777901726653,0.018813087777519354,0.018564292061808763,12.0
RFS_mode4,-0.052689624983817636,-0.0865009557594358,0.4766210770967545,0.027291590420814464,0.027129931549254697,0.05616275866232843,0.00046938180147368944,0.052689624983817636,0.0865009557594358,0.027291590420814464,0.027129931549254697,16.0
RFS_mode5,-0.03666988993701052,-0.06386957367250012,0.4147947949696187,0.03124835070632516,0.031085553904572596,0.0541150217900125,-0.0009070404532497189,0.03666988993701052,0.06386957367250012,0.03124835070632516,0.031085553904572596,20.0
RFS_mode6,-0.02536930596464918,-0.05063213855479569,0.39302748717021796,0.03388623674896446,0.03373471063492845,0.027453272253928816,-0.0015435107483561029,0.02536930596464918,0.05063213855479569,0.03388623674896446,0.03373471063492845,24.0
