,pearson_r,spearman_r,mutual_info,lin_coef,lasso_coef,perm_importance_r2_drop,single_feature_cv_r2,abs_pearson_r,abs_spearman_r,abs_lin_coef,abs_lasso_coef,consensus_score
fdam_mode1,0.5842910212915475,0.8255547976561604,0.9716628192480665,0.2015062429350919,0.20127872796690913,1.6330329362178584,0.340378983228367,0.5842910212915475,0.8255547976561604,0.2015062429350919,0.20127872796690913,4.0
fdam_mode2,0.22075298260781628,0.28724176634038207,0.6954997010318689,0.019137346533407845,0.018716888171553817,0.20009632858081514,0.04675665458956022,0.22075298260781628,0.28724176634038207,0.019137346533407845,0.018716888171553817,8.0
fdam_mode3,0.08480067473754249,0.13465777901726653,0.552008519046236,-0.018813087777345555,-0.01856429206163447,0.11026948246361994,0.004990507299334523,0.08480067473754249,0.13465777901726653,0.018813087777345555,0.01856429206163447,12.0
fdam_mode4,0.05268962498229458,0.08650095603839922,0.47661267630262927,-0.027291590421038712,-0.027129931549479725,0.05911186074234605,0.00046938180129076914,0.05268962498229458,0.08650095603839922,0.027291590421038712,0.027129931549479725,16.0
fdam_mode5,0.03666988993663768,0.06386957367250012,0.4147947949696187,-0.031248350706167313,-0.031085553904415184,0.05481211176022902,-0.0009070404532823595,0.03666988993663768,0.06386957367250012,0.031248350706167313,0.031085553904415184,20.0
fdam_mode6,0.025369305964770952,0.05063213855479569,0.39302748717021796,-0.033886236748881755,-0.033734710634845455,0.027813307729066115,-0.0015435107483740662,0.025369305964770952,0.05063213855479569,0.033886236748881755,0.033734710634845455,24.0
