,pearson_r,spearman_r,mutual_info,lin_coef,lasso_coef,perm_importance_r2_drop,single_feature_cv_r2,abs_pearson_r,abs_spearman_r,abs_lin_coef,abs_lasso_coef,consensus_score
deltaf_mode1,-0.5842910212919002,-0.8255548362518307,0.9723171913311952,-0.20150624293512095,-0.2012787279669383,1.628079014116463,0.3403789832287723,0.5842910212919002,0.8255548362518307,0.20150624293512095,0.2012787279669383,4.0
deltaf_mode2,-0.2207529826090045,-0.28724177402503015,0.6957529046572759,-0.019137346533728013,-0.018716888171873808,0.20946389661642498,0.04675665459005192,0.2207529826090045,0.28724177402503015,0.019137346533728013,0.018716888171873808,8.0
deltaf_mode3,-0.08480067473717742,-0.13465777901726653,0.5519295386849636,0.01881308777751843,0.018564292061807836,0.11536508524440998,0.004990507299276725,0.08480067473717742,0.13465777901726653,0.01881308777751843,0.018564292061807836,12.0
deltaf_mode4,-0.052689624983817025,-0.0865009557594358,0.4766210770967545,0.027291590420816563,0.02712993154925686,0.05616275866232843,0.00046938180147362287,0.052689624983817025,0.0865009557594358,0.027291590420816563,0.02712993154925686,16.0
deltaf_mode5,-0.0366698899370103,-0.06386957367250012,0.4147947949696187,0.03124835070632585,0.03108555390457328,0.0541150217900125,-0.0009070404532497856,0.0366698899370103,0.06386957367250012,0.03124835070632585,0.03108555390457328,20.0
deltaf_mode6,-0.025369305964653737,-0.05063213855479569,0.39302748717021796,0.03388623674896617,0.033734710634930165,0.027453272253928823,-0.001543510748355925,0.025369305964653737,0.05063213855479569,0.03388623674896617,0.033734710634930165,24.0
