dataset,experiment,n_features,features,val_rmse,val_mae,val_r2,test_rmse,test_mae,test_r2
DELTAF,modes1_to_6,6,"deltaf_mode1,deltaf_mode2,deltaf_mode3,deltaf_mode4,deltaf_mode5,deltaf_mode6",0.06262942403554916,0.030145937576889992,0.9534968733787537,0.060270119458436966,0.029312346130609512,0.9555080533027649
DELTAF,top4_from_feature_analysis,4,"deltaf_mode1,deltaf_mode2,deltaf_mode3,deltaf_mode4",0.07070784270763397,0.03241650015115738,0.9407265186309814,0.06822004169225693,0.031522613018751144,0.9429965615272522
DELTAF,mode1_only,1,deltaf_mode1,0.16528230905532837,0.12862412631511688,0.6761245131492615,0.17406708002090454,0.13637641072273254,0.6288833618164062
